count,time
100000,0.00455
300000,0.00461
500000,0.00616
700000,0.000505
900000,0.00467
1100000,0.00749
1300000,0.0036
1500000,0.0063
2000000,0.0064
