count,time
100000,0.00359
300000,0.00377
500000,0.00671
700000,0.00454
900000,0.00341
1100000,0.0129
1300000,0.00659
1500000,0.00552
2000000,0.00545
