count,time
100000,0.00367
300000,0.00802
500000,0.0088
700000,0.0101
900000,0.0121
1100000,0.0123
1300000,0.0119
1500000,0.0125
2000000,0.013
